state,ImageURL
Johor,https://lixuan-how.github.io/3179/Project%202/SVG%20state%20flag/Johor.svg
Kedah,https://lixuan-how.github.io/3179/Project%202/SVG%20state%20flag/Kedah.svg
Kelantan,https://lixuan-how.github.io/3179/Project%202/SVG%20state%20flag/Kelantan.svg
Melaka,https://lixuan-how.github.io/3179/Project%202/SVG%20state%20flag/Melaka.svg
Negeri Sembilan,https://lixuan-how.github.io/3179/Project%202/SVG%20state%20flag/Negeri%20Sembilan.svg
Pahang,https://lixuan-how.github.io/3179/Project%202/SVG%20state%20flag/Pahang.svg
Perak,https://lixuan-how.github.io/3179/Project%202/SVG%20state%20flag/Perak.svg
Perlis,https://lixuan-how.github.io/3179/Project%202/SVG%20state%20flag/Perlis.svg
Pulau Pinang,https://lixuan-how.github.io/3179/Project%202/SVG%20state%20flag/Pulau%20Pinang.svg
Sabah,https://lixuan-how.github.io/3179/Project%202/SVG%20state%20flag/Sabah.svg
Sarawak,https://lixuan-how.github.io/3179/Project%202/SVG%20state%20flag/Sarawak.svg
Selangor,https://lixuan-how.github.io/3179/Project%202/SVG%20state%20flag/Selangor.svg
Terengganu,https://lixuan-how.github.io/3179/Project%202/SVG%20state%20flag/Terengganu.svg
W.P. Kuala Lumpur,https://lixuan-how.github.io/3179/Project%202/SVG%20state%20flag/Kuala%20Lumpur.svg
W.P. Labuan,https://lixuan-how.github.io/3179/Project%202/SVG%20state%20flag/Labuan.svg
W.P. Putrajaya,https://lixuan-how.github.io/3179/Project%202/SVG%20state%20flag/Putrajaya.svg
